{
  "collapse-filter": true,
  "search": "",
  "showTags": false,
  "showAttachments": false,
  "hideUnresolved": false,
  "showOrphans": true,
  "collapse-color-groups": false,
  "colorGroups": [
    {
      "query": "Arrafile:array",
      "color": {
        "a": 1,
        "rgb": 14360351
      }
    },
    {
      "query": "file:function",
      "color": {
        "a": 1,
        "rgb": 14725458
      }
    }
  ],
  "collapse-display": true,
  "showArrow": false,
  "textFadeMultiplier": -0.6,
  "nodeSizeMultiplier": 1.784375,
  "lineSizeMultiplier": 1.58020833333333,
  "collapse-forces": true,
  "centerStrength": 0.5,
  "repelStrength": 10,
  "linkStrength": 1,
  "linkDistance": 250,
  "scale": 1,
  "close": true
}