{
  "main": {
    "id": "843a4647aa67d0b4",
    "type": "split",
    "children": [
      {
        "id": "ef2e54f5849ac9ec",
        "type": "tabs",
        "children": [
          {
            "id": "c32d2bd3f28cc748",
            "type": "leaf",
            "state": {
              "type": "markdown",
              "state": {
                "file": "DSA/Stack/Arrow Operator.md",
                "mode": "source",
                "source": false
              }
            }
          }
        ]
      }
    ],
    "direction": "vertical"
  },
  "left": {
    "id": "41ceda49c164a5f2",
    "type": "split",
    "children": [
      {
        "id": "3ec613deb27550a0",
        "type": "tabs",
        "children": [
          {
            "id": "b1192af5965e3d7f",
            "type": "leaf",
            "state": {
              "type": "file-explorer",
              "state": {
                "sortOrder": "alphabetical"
              }
            }
          },
          {
            "id": "8a8d6c016641b643",
            "type": "leaf",
            "state": {
              "type": "search",
              "state": {
                "query": "",
                "matchingCase": false,
                "explainSearch": false,
                "collapseAll": false,
                "extraContext": false,
                "sortOrder": "alphabetical"
              }
            }
          },
          {
            "id": "c02e97abfd2bca0a",
            "type": "leaf",
            "state": {
              "type": "bookmarks",
              "state": {}
            }
          }
        ]
      }
    ],
    "direction": "horizontal",
    "width": 200
  },
  "right": {
    "id": "d347ce415bf5ed79",
    "type": "split",
    "children": [
      {
        "id": "1eb9772cfad85287",
        "type": "tabs",
        "children": [
          {
            "id": "175650ec0d0f3f11",
            "type": "leaf",
            "state": {
              "type": "backlink",
              "state": {
                "file": "DSA/Stack/Arrow Operator.md",
                "collapseAll": false,
                "extraContext": false,
                "sortOrder": "alphabetical",
                "showSearch": false,
                "searchQuery": "",
                "backlinkCollapsed": false,
                "unlinkedCollapsed": true
              }
            }
          },
          {
            "id": "f9238289db4292d6",
            "type": "leaf",
            "state": {
              "type": "outgoing-link",
              "state": {
                "file": "DSA/Stack/Arrow Operator.md",
                "linksCollapsed": false,
                "unlinkedCollapsed": true
              }
            }
          },
          {
            "id": "618b5590fd9c5179",
            "type": "leaf",
            "state": {
              "type": "tag",
              "state": {
                "sortOrder": "frequency",
                "useHierarchy": true
              }
            }
          },
          {
            "id": "49f20105a1319a19",
            "type": "leaf",
            "state": {
              "type": "outline",
              "state": {
                "file": "DSA/Stack/Arrow Operator.md"
              }
            }
          }
        ]
      }
    ],
    "direction": "horizontal",
    "width": 300,
    "collapsed": true
  },
  "left-ribbon": {
    "hiddenItems": {
      "switcher:Open quick switcher": false,
      "graph:Open graph view": false,
      "canvas:Create new canvas": false,
      "daily-notes:Open today's daily note": false,
      "templates:Insert template": false,
      "command-palette:Open command palette": false
    }
  },
  "active": "c32d2bd3f28cc748",
  "lastOpenFiles": [
    "DSA/Stack/Basic Operations of Stack.md",
    "DSA/Stack/Arrow Operator.md",
    "DSA/Stack/Stack.md",
    "Stack-Data-Structure.png",
    "C++/Classes and Objects.md",
    "DSA/Stack",
    "DSA",
    "C++/9.Pointers.md",
    "C++/8.Multi Dimensional Arrays.md",
    "C++/7.Arrays.md",
    "C++/6.Recursion.md",
    "C++/5.Function Overloading.md",
    "C++/4.Scope.md",
    "C++/3.Classes and Objects.md",
    "C++/2.Sentinal Controlled Loops.md",
    "C++/1.Functions.md",
    "Photos/Screenshot from 2023-09-30 22-31-26.png",
    "Photos/Screenshot from 2023-09-28 18-28-11.png",
    "Photos/Screenshot from 2023-10-04 08-13-59.png",
    "Photos/Screenshot from 2023-10-04 08-06-32.png",
    "Photos/Screenshot from 2023-10-04 08-06-02.png",
    "Photos/Screenshot from 2023-10-04 08-05-14.png",
    "Photos/Screenshot from 2023-10-04 07-57-19.png",
    "Photos/Screenshot from 2023-10-04 07-52-59.png",
    "Photos/Screenshot from 2023-10-04 06-53-47.png",
    "Photos",
    "IProg Short Notes/Programs/WAP 20Q.md",
    "IProg Short Notes/Programs/WAP 19Q.md",
    "IProg Short Notes/Programs/WAP 18Q.md",
    "IProg Short Notes/Programs/WAP 21Q.md",
    "IProg Short Notes/Programs/WAP 16Q.md",
    "IProg Short Notes/Programs/WAP 15Q.md",
    "IProg Short Notes/Programs/WAP 14Q.md",
    "IProg Short Notes/Programs/WAP 13Q.md",
    "IProg Short Notes/Programs/WAP 12Q.md",
    "IProg Short Notes/Programs/WAP 11Q.md",
    "IProg Short Notes/Programs/WAP 10Q.md",
    "IProg Short Notes/Programs/WAP 9Q.md",
    "IProg Short Notes/Programs/WAP 8Q.md",
    "IProg Short Notes/Programs",
    "IProg Short Notes/Until 1st Sem Mid",
    "IProg Short Notes",
    "Competitive_Programming/Chapter 2",
    "Competitive_Programming/Chapter 1",
    "Competitive_Programming",
    "C++"
  ]
}